n,id,title,url,image
1,EXCDRWDUBJHOZDL7GKYYBI37CA,Plaza de Mayo. Cristina le marcó límites a Alberto Fernández para la negociación con el FMI,https://www.lanacion.com.ar/politica/cristina-kirchner-le-marco-limites-a-alberto-fernandez-para-la-negociacion-con-el-fmi-nid10122021/,https://lanacionar-la-nacion-ar-prod.cdn.arcpublishing.com/resizer/GSugzPennzqwhq9ig7fcbjk-N_I=/879x586/smart/filters:quality(80)/cloudfront-us-east-1.images.arcpublishing.com/lanacionar/TJNCEUAHIFEHVPS6VIZR4CNJZE.JPG
2,GHBC35AZJJH3PBOFPM577NUGRQ,"Análisis. Alberto y Cristina, un diálogo privado en medio de la multitud",https://www.lanacion.com.ar/politica/alberto-fernandez-y-cristina-kirchner-un-dialogo-privado-en-medio-de-la-multitud-nid10122021/,https://lanacionar-la-nacion-ar-prod.cdn.arcpublishing.com/resizer/xp2BMm3IaVy3g_u8BDIC8SEigt4=/879x586/smart/filters:quality(80)/cloudfront-us-east-1.images.arcpublishing.com/lanacionar/XCUDI2NUQVAF7FXDEBRVK7ICAU.JPG
3,T72V4IEZRNFGBGSH3R5AFMODRM,De no creer. Nueva fecha patria: el Día de la Cristinidad,https://www.lanacion.com.ar/opinion/nueva-fecha-patria-el-dia-de-la-cristinidad-nid11122021/,
4,OEXVSFRJIZFZRHNLOZRLLLBO6M,"""Dame agua"", y más perlitas. Cristina Kirchner apuntó contra ""los giles"" de la TV y chicaneó a la UCR",https://www.lanacion.com.ar/politica/cristina-kirchner-no-se-hagan-los-giles-nid10122021/,https://lanacionar-la-nacion-ar-prod.cdn.arcpublishing.com/resizer/x4-Pg3FD7DQrY9AtU1GntCdlsQg=/879x586/smart/filters:quality(80)/cloudfront-us-east-1.images.arcpublishing.com/lanacionar/RQUBSNDTXZCVNGBVBE7XDTROMQ.JPG
5,MP3SRQCOLBG4TLG3R4QDCNVF7Y,"Día de la democracia. Duras críticas al Gobierno por el costo del acto y la ""apropiación"" de la fecha",https://www.lanacion.com.ar/politica/cuestionan-al-gobierno-por-el-costo-del-acto-y-la-apropiacion-de-la-fecha-nid10122021/,https://lanacionar-la-nacion-ar-prod.cdn.arcpublishing.com/resizer/Pt0r8PMBCxKWZSp8dQw0MXddD8g=/360x240/smart/filters:quality(80)/cloudfront-us-east-1.images.arcpublishing.com/lanacionar/SKC2GI65ZFFF7PZX7TZUSYOX5Y.JPG
6,6HL5WKB6JZHPXNARTNOJC4SPX4,Análisis. En busca de una épica para un acuerdo indigerible,https://www.lanacion.com.ar/opinion/en-busca-de-una-epica-para-un-acuerdo-indigerible-nid11122021/,https://lanacionar-la-nacion-ar-prod.cdn.arcpublishing.com/resizer/XHWobOd8t4c4rXWQXA4n8wvC3n4=/879x586/smart/filters:quality(80)/cloudfront-us-east-1.images.arcpublishing.com/lanacionar/L4KSG4ZHI5E2DHDP7UMSUQ4WCU.jpg
7,G4BMQXHB4FGYFCRWXNF6QLKB4E,¿Acuerdo este año? Qué pasa por la cabeza de Martín Guzmán tras la carta del FMI,https://www.lanacion.com.ar/economia/deuda-que-piensa-economia-sobre-la-carta-del-fmi-y-la-posibilidad-de-cerrar-un-acuerdo-este-ano-nid10122021/,https://lanacionar-la-nacion-ar-prod.cdn.arcpublishing.com/resizer/6QMX2JZ-af4aeKZzfgnYrlmj2uU=/879x586/smart/filters:quality(80)/cloudfront-us-east-1.images.arcpublishing.com/lanacionar/PNAIXIFED5EU5FQZM2DQOUJXM4.jpg
8,CJK5IZPNTRHQNF3TITEJSIEJMY,Fuerzas Armadas. El Gobierno desplazó al jefe del Ejército y designó al general Guillermo Pereda,https://www.lanacion.com.ar/politica/fuerzas-armadas-el-gobierno-desplazo-al-jefe-del-ejercito-y-designo-al-general-guillermo-pereda-nid10122021/,https://lanacionar-la-nacion-ar-prod.cdn.arcpublishing.com/resizer/d6qf5A-XFokF9mdSRcXSBOeey1A=/879x586/smart/filters:quality(80)/cloudfront-us-east-1.images.arcpublishing.com/lanacionar/WZMOUKZS3VDXVLZA4BI2CIZZGM.jpeg
9,OOYL7J73IZGRPPJ4GBGKFBEK74,Empresario de la seguridad. Compró una chacra para el asado con amigos y sin querer hizo una revolución,https://www.lanacion.com.ar/economia/campo/regionales/compro-una-chacra-para-el-asado-con-amigos-y-sin-querer-hizo-una-revolucion-con-las-ovejas-nid10122021/,https://lanacionar-la-nacion-ar-prod.cdn.arcpublishing.com/resizer/ek-R9yTdjn11nPKU4XmeBOixpzY=/879x586/smart/filters:quality(80)/cloudfront-us-east-1.images.arcpublishing.com/lanacionar/E7OBO64WZNH67LAWXVORYLJNNA.jpg
10,OQDLOAILA5EBBP272TVI5KGMVE,ShowMatch. El minuto a minuto de la gran final,https://www.lanacion.com.ar/espectaculos/television/showmatch-el-minuto-a-minuto-de-la-gran-final-nid10122021/,https://lanacionar-la-nacion-ar-prod.cdn.arcpublishing.com/resizer/eDJ6y1d-XZExQdz7GUKknt3rjvc=/879x586/filters:quality(80)/cloudfront-us-east-1.images.arcpublishing.com/lanacionar/NRV3PXDSURARBBBFM4INCWMDVM.jpg
11,Q52DBQ6NSVCQFH427FBQM52JLY,Diputados. Milei y Espert quedaron fuera de la Comisión de Presupuesto por integrar bloques minoritarios,https://www.lanacion.com.ar/politica/los-economistas-milei-espert-y-lopez-murphy-quedaron-fuera-de-la-comision-de-presupuesto-nid10122021/,https://lanacionar-la-nacion-ar-prod.cdn.arcpublishing.com/resizer/08NReQVhjTuje8ID3LBuymY72ig=/879x586/smart/filters:quality(80)/cloudfront-us-east-1.images.arcpublishing.com/lanacionar/ZPQW6HLFVRHFPBSTVJDG2AEV2Y.jfif
12,FQOBXUWJRZBOFLYN356OC52JFI,A los 5 años. Salud incorporó una nueva vacuna obligatoria desde mañana,https://www.lanacion.com.ar/sociedad/vacuna-contra-la-varicela-salud-informo-que-desde-manana-sera-obligatoria-una-segunda-dosis-nid10122021/,https://lanacionar-la-nacion-ar-prod.cdn.arcpublishing.com/resizer/jiY3mFXDoLk9dt37vA_OBvJh8_o=/879x586/smart/filters:quality(80)/cloudfront-us-east-1.images.arcpublishing.com/lanacionar/R4P5G4ZFVBE4PKHFCFZEDJZIPU.jpg
13,XCMHWHZQX5FPJB6HORMXSQCMSA,La Academia. El percance que sufrió L-Gante en su debut como jurado de ShowMatch,https://www.lanacion.com.ar/espectaculos/personajes/la-academia-2021-el-percance-que-sufrio-l-gante-en-su-debut-como-jurado-de-showmatch-nid10122021/,https://lanacionar-la-nacion-ar-prod.cdn.arcpublishing.com/resizer/GOfT7D0Bq-f__w71wWvVBb9FXBA=/879x586/smart/filters:quality(80)/cloudfront-us-east-1.images.arcpublishing.com/lanacionar/2S6X7ZH5ERCTZKLVVVHEHV45RQ.jpg
14,O4ZSPERTZZBVDC3B4APTKLVDZQ,Destrozó el auto. El accidente de la leyenda de la Fórmula 1 que se retira el domingo,https://www.lanacion.com.ar/deportes/automovilismo/formula-1-max-verstappen-vs-lewis-hamilton-en-las-practicas-de-abu-dhabi-y-el-accidente-de-kimi-nid10122021/,https://lanacionar-la-nacion-ar-prod.cdn.arcpublishing.com/resizer/XIaXbtA7RPsFbcobRFN6xHWR_VM=/879x586/smart/filters:quality(80)/cloudfront-us-east-1.images.arcpublishing.com/lanacionar/NXZNNRXXUJCWDDNUQX7NZU2KJ4.jpg
15,KYWACFQJYZCT5BNYYSOJA34Q3Y,De remate. Se subastan más de 1000 artículos del Hotel Plaza; cuándo y cómo participar,https://www.lanacion.com.ar/propiedades/inmuebles-comerciales/se-subastan-mas-de-1000-articulos-del-hotel-plaza-cuando-y-como-participar-nid10122021/,https://lanacionar-la-nacion-ar-prod.cdn.arcpublishing.com/resizer/pBpDLfSYftpjYAek6DxrQdhxzfw=/879x586/smart/filters:quality(80)/cloudfront-us-east-1.images.arcpublishing.com/lanacionar/PF7M7HVBGBEOBA4FSPYIZUQ7IM.JPG
16,R6C5W7NHQNF3LLD5UPJGYV5LLQ,CantArgentina2021. Red Solidaria convoca a un evento para celebrar las infancias: cuándo es y qué artistas participan,https://www.lanacion.com.ar/espectaculos/cantargentina-2021-red-solidaria-convoca-a-un-evento-para-celebrar-las-infancias-al-ritmo-de-maria-nid10122021/,https://lanacionar-la-nacion-ar-prod.cdn.arcpublishing.com/resizer/_1K8ns16-yPy4dvzNLcL5ytS1vQ=/360x240/smart/filters:quality(80)/cloudfront-us-east-1.images.arcpublishing.com/lanacionar/ECXFKFAUENDTJJAD4A52G3V7FE.JPG
17,ESR6TBLSSZD3RERKAQN2YFUY5M,Mejor investigación del año. El calvario de 43 mujeres que enfrentan al Opus Dei,https://www.lanacion.com.ar/sociedad/servidoras-de-dios-el-calvario-de-las-43-mujeres-que-enfrentan-al-opus-dei-nid17052021/,https://lanacionar-la-nacion-ar-prod.cdn.arcpublishing.com/resizer/CNkvdvvNhLyLMYaRnrficfQrYKc=/879x586/filters:quality(80)/cloudfront-us-east-1.images.arcpublishing.com/lanacionar/ZZSCBWHKUBAZ5CYUW6DMTU2BSY.gif
18,6SJI6MB4OVHL7MZVZ5F2HEXZAY,Nueva vida. Angela Merkel anunció su primer proyecto tras dejar el poder,https://www.lanacion.com.ar/el-mundo/angela-merkel-anuncio-su-primer-proyecto-tras-dejar-el-poder-nid10122021/,https://lanacionar-la-nacion-ar-prod.cdn.arcpublishing.com/resizer/yWK5HMO-MpNq8cXCoHsD0ucDMhw=/879x586/filters:quality(80)/cloudfront-us-east-1.images.arcpublishing.com/lanacionar/GNYOY2XZ7RA5XNFTP2LUZLZT2U.JPG
19,JB2I6RRWM5HSHB64DEOHKGJH54,Desde el 21. Dónde se deberá presentar y quiénes deberán tramitarlos: el detalle del pase sanitario bonaerense,https://www.lanacion.com.ar/sociedad/donde-se-debera-presentar-y-quienes-deberan-tramitarlos-el-detalle-del-pase-sanitario-bonaerense-nid10122021/,https://lanacionar-la-nacion-ar-prod.cdn.arcpublishing.com/resizer/KW3vbO3Cc-Zv57rHAlIxnBcTd6I=/879x586/smart/filters:quality(80)/cloudfront-us-east-1.images.arcpublishing.com/lanacionar/IECCOGCIJJHGLEX2W3AU4YGYPM.png
20,QRQX5RGQ7FFGXNNBQZUIK2OH7Q,Operación diferente. ¿Por qué 5x3 no es lo mismo que 3x5? El problema matemático que se volvió viral,https://www.lanacion.com.ar/economia/por-que-5x3-no-es-lo-mismo-nid2591245/,https://lanacionar-la-nacion-ar-prod.cdn.arcpublishing.com/resizer/vO76j46SCvGZqTgtMxL30F8QrBY=/879x586/smart/filters:quality(80)/cloudfront-us-east-1.images.arcpublishing.com/lanacionar/RX5POMMG4RDNJDLTOW42FDMEHQ.jpg
21,SSOWVLV5MNCQPJVQPAOZ2VA47Q,“Esto va a explotar”. La localidad de la costa que prácticamente no tiene propiedades disponibles para enero,https://www.lanacion.com.ar/sociedad/esto-va-a-explotar-el-destino-de-la-costa-que-practicamente-ya-no-tiene-propiedades-disponibles-para-nid10122021/,https://lanacionar-la-nacion-ar-prod.cdn.arcpublishing.com/resizer/IQGUCKVr7WKyHUiEAI4ATWeY3YE=/1920x1280/filters:quality(80)/cloudfront-us-east-1.images.arcpublishing.com/lanacionar/QZN27SFDSZG5FACQBVPTS3PMUA.JPG
22,IIKXZ3TGJRDGBCOWDQH3XBDTME,La Academia. Marcela Feudale quebró en llanto en su vuelta a ShowMatch,https://www.lanacion.com.ar/espectaculos/television/la-academia-2021-marcela-feudale-quebro-en-llanto-en-su-vuelta-a-showmatch-nid11122021/,https://lanacionar-la-nacion-ar-prod.cdn.arcpublishing.com/resizer/L4C1y5fo5ciajHzu0OW2m5ORWSw=/879x586/smart/filters:quality(80)/cloudfront-us-east-1.images.arcpublishing.com/lanacionar/HZZ75546OVDILHXCZXAPKF2IEA.jpg
23,4XMEZTFJS5CQVIK6K3JLJF2WFY,TV. Los dos conductores que se despiden hoy de TNT Sports y Continental,https://www.lanacion.com.ar/espectaculos/hernan-castillo-y-nicolas-distasio-se-despiden-hoy-de-tnt-spots-y-continental-nid10122021/,https://lanacionar-la-nacion-ar-prod.cdn.arcpublishing.com/resizer/oSeLtxf87rbd1qdFdicRDJ9Pn_M=/879x586/filters:quality(80)/cloudfront-us-east-1.images.arcpublishing.com/lanacionar/T7UGGB52DRFMJKKOYWDZFAQ3SI.jpg
24,NHRKXZYZ6NEZFBXL7WXVLI6WLI,Efecto cascada. Qué es el “cisne verde” que alarma a los economistas y por qué podría desencadenar la próxima crisis financiera,https://www.lanacion.com.ar/economia/que-es-cisne-verde-alarma-economistas-que-nid2332650/,https://lanacionar-la-nacion-ar-prod.cdn.arcpublishing.com/resizer/3NIp2VQobGuOfFSq2scQTxd1beo=/879x586/smart/filters:quality(80)/cloudfront-us-east-1.images.arcpublishing.com/lanacionar/FIPEIG7SLBAMBDA4T2QCJGBL7A.jpg
25,GF6W2NXSFNAFND2RK3UKRLMMFM,Carolina Losada. Las fotos inéditas de la vicepresidenta del Senado cuando daba sus primeros pasos como modelo,https://www.lanacion.com.ar/lifestyle/carolina-losada-las-fotos-ineditas-de-la-vicepresidenta-del-senado-cuando-daba-sus-primeros-pasos-nid10122021/,https://lanacionar-la-nacion-ar-prod.cdn.arcpublishing.com/resizer/eiXkO05hZKy8lZ6ax2sU6msPQm4=/1920x1280/filters:quality(80)/cloudfront-us-east-1.images.arcpublishing.com/lanacionar/H76MFGKQOVAENHVIHF4MYVCA3U.jpg
26,AILXKZZQ5FGRNHLAYBEAC4TTKY,Relax. Cinco escapadas “acá nomás” para disfrutar del campo cerca de Buenos Aires,https://www.lanacion.com.ar/lifestyle/verano-2022-cinco-escapadas-aca-nomas-para-disfrutar-del-campo-cerca-de-buenos-aires-nid10122021/,https://lanacionar-la-nacion-ar-prod.cdn.arcpublishing.com/resizer/1R9NpN7s3dXgFwQC0g8LmKZbNmE=/879x586/smart/filters:quality(80)/cloudfront-us-east-1.images.arcpublishing.com/lanacionar/SAVONPVSU5HTPFSLMRSFHLPSRQ.jpg
27,QKFO3ZRMD5HM3POI7M3QKWR3Z4,Espectacular. La corrida y el tapón de Campazzo con un salto que el rival no imaginó,https://www.lanacion.com.ar/deportes/basquetbol/nba-facundo-campazzo-dio-un-recital-de-triples-un-robo-espectacular-y-un-pase-no-look-pero-no-pudo-nid10122021/,https://lanacionar-la-nacion-ar-prod.cdn.arcpublishing.com/resizer/aW94jxqe3xcrBQNzHv5fGD_FzdA=/879x586/smart/filters:quality(80)/cloudfront-us-east-1.images.arcpublishing.com/lanacionar/VPWAIXTBARGNXBYODXVU6I5CJ4.jpg
28,GTPOY4PQCZEONNO2DLWIZIYIOY,Intimidad. Sin novio ni celular: quién es la mejor boxeadora del mundo y que pelea como un hombre,https://www.lanacion.com.ar/deportes/boxeo/sin-novio-ni-celular-quien-es-la-mejor-boxeadora-del-mundo-que-pelea-como-un-hombre-y-sube-y-baja-de-nid10122021/,https://lanacionar-la-nacion-ar-prod.cdn.arcpublishing.com/resizer/hm_Ks1_0mvwatVF8Sasy4lxKFNw=/879x586/smart/filters:quality(80)/cloudfront-us-east-1.images.arcpublishing.com/lanacionar/VEJPZOCNLBA7FBTK5GL6GCTZ5M.JPG
29,HSQQXXE43RBY3NPZTRGCNTYUJE,Zara. Cómo cambiará un gigante mundial de la ropa,https://www.lanacion.com.ar/economia/negocios/zara-se-renueva-la-heredera-marta-ortega-asume-la-presidencia-de-la-mayor-compania-textil-del-mundo-nid11122021/,https://lanacionar-la-nacion-ar-prod.cdn.arcpublishing.com/resizer/RHDsqWKO3Plp_ZNs8XPrMyNYcAE=/879x586/smart/filters:quality(80)/cloudfront-us-east-1.images.arcpublishing.com/lanacionar/J3F4Y6YWC5E7NDKJGKKKXEE3AM.jpg
30,5DPPMNDH55A7PKBQVBYL2JMO2A,En medio de los rumores. La foto de Chano y Natalie Pérez juntos: ¿noviazgo confirmado?,https://www.lanacion.com.ar/espectaculos/la-foto-de-chano-y-natalie-perez-juntos-noviazgo-confirmado-nid10122021/,https://lanacionar-la-nacion-ar-prod.cdn.arcpublishing.com/resizer/MHURGG1628vESN9hJLojE3oHFns=/879x586/smart/filters:quality(80)/cloudfront-us-east-1.images.arcpublishing.com/lanacionar/2F6YUIJ7LVHI7JXDPWS4ZS4NII.JPG
31,7JR6QAO2HBHGXK7KPLHA6GW2RQ,Según L'Equipe. El posible plan de PSG para achicar su plantel: dos argentinos podrían quedar afuera,https://www.lanacion.com.ar/deportes/futbol/el-posible-plan-de-psg-para-achicar-su-plantel-segun-un-medio-frances-dos-argentinos-podrian-quedar-nid10122021/,https://lanacionar-la-nacion-ar-prod.cdn.arcpublishing.com/resizer/vuEmiDDJjbSeywEMjL6Cy9TKSgg=/879x586/filters:quality(80):focal(1995x1338:2005x1328)/cloudfront-us-east-1.images.arcpublishing.com/lanacionar/ZNT7VUD32VABRMS67LHDUOCHQY.jpg
32,MRGKYPP22BEF5L5KQXFYBZ5LVI,Para descargar de la web. Doce modelos de casas con planos disponibles para construir hasta 60 m2,https://www.lanacion.com.ar/propiedades/construccion-y-diseno/casa-propia-suman-12-nuevos-modelos-de-casas-con-planos-disponibles-para-construir-de-36-y-hasta-60-nid09122021/,https://lanacionar-la-nacion-ar-prod.cdn.arcpublishing.com/resizer/EAImESigtVPK1N2wQzEEh1XjW1w=/879x586/smart/filters:quality(80)/cloudfront-us-east-1.images.arcpublishing.com/lanacionar/MJYDHQS4Z5BOBF3TIDFNWUBHWY.JPG
33,PZAPZZM27RAITHFNMKML4GDP7U,EE.UU. El momento en que un buzo encontró un auto hundido y resolvió un misterio de 21 años,https://www.lanacion.com.ar/el-mundo/eeuu-el-youtuber-encontro-el-auto-de-dos-adolescentes-desaparecidos-desde-hace-21-anos-nid10122021/,https://lanacionar-la-nacion-ar-prod.cdn.arcpublishing.com/resizer/3oEuxcBX6zKbJri7_Z1EzndHOpI=/879x586/smart/filters:quality(80)/cloudfront-us-east-1.images.arcpublishing.com/lanacionar/GQZK2AQCLVDCZO7LMBFJIC3HKA.jpg
34,3HW7RC7E4ZDMLCUMV5ZV2GKXYM,El radicalismo fuga de la realidad,https://www.lanacion.com.ar/opinion/el-radicalismo-fuga-de-la-realidad-nid10122021/,https://lanacionar-la-nacion-ar-prod.cdn.arcpublishing.com/resizer/Z3IBl1Dnm1KD0xV8epKzvcp_7zc=/768x0/filters:quality(80)/cloudfront-us-east-1.images.arcpublishing.com/lanacionar/FIGG6RXIVZD6NKAOUHH5IHOGZU.jpg
35,NYYMOUOVUFGHXFFEC2GITWFTDE,Los primeros 100 días y la política exterior en 2023,https://www.lanacion.com.ar/opinion/los-primeros-100-dias-y-la-politica-exterior-en-2023-nid11122021/,
36,KG7AKPTTTRAQNIHD4IEDSWUGGU,El recuerdo de mi propia Almudena,https://www.lanacion.com.ar/opinion/el-recuerdo-de-mi-propia-almudena-nid11122021/,https://lanacionar-la-nacion-ar-prod.cdn.arcpublishing.com/resizer/mn1YCvbwWhSZtOItZjo2dJFo4oo=/768x0/filters:quality(80)/cloudfront-us-east-1.images.arcpublishing.com/lanacionar/TRT3UIBCHNEQNB3XOGWP3THU64.jpg
37,EJNIGLCA55BLHEICIA6J73SUD4,¿Gran reseteo o gran resignación? Una narrativa para 2021,https://www.lanacion.com.ar/opinion/gran-reseteo-o-gran-resignacion-una-narrativa-para-2021-nid11122021/,
38,GXWZRN4NN5G45LOOLRRUVC2O2Y,"Entre Alberdi y Carlotto, un insondable abismo",https://www.lanacion.com.ar/editoriales/entre-alberdi-y-carlotto-un-insondable-abismo-nid11122021/,
39,G2WZMXXZWZFIHOWGXW23J6ARZM,Corte Suprema: ante otra oportunidad para hacerlo mejor (Última parte),https://www.lanacion.com.ar/editoriales/corte-suprema-ante-otra-oportunidad-para-hacerlo-mejor-ultima-parte-nid10122021/,
40,5ZJTLMS6TZAU5PS5BXNGYAYGQQ,Instagram. Agustina Cherri compartió una foto con su hijo y un detalle sorprendió a sus fans,https://www.lanacion.com.ar/espectaculos/agustina-cherri-compartio-una-foto-con-su-hijo-nilo-y-un-detalle-sorprendio-a-sus-fans-nid10122021/,https://lanacionar-la-nacion-ar-prod.cdn.arcpublishing.com/resizer/r7J0EJhL0tN9RTfgQ_2J8Sn-wbc=/879x586/smart/filters:quality(80)/cloudfront-us-east-1.images.arcpublishing.com/lanacionar/6YQ6FEJCIRE6RG6S3CYWT2WCXQ.jpg
41,P2ME7JYF75EYFKQPBCB7ZAJGKI,"Princesa Amalia. Todas las fotos del primer posado “en solitario” de la hija mayor de Máxima, futura reina de Holanda",https://www.lanacion.com.ar/lifestyle/princesa-amalia-todas-las-fotos-del-primer-posado-en-solitario-de-la-hija-mayor-de-maxima-futura-nid10122021/,https://lanacionar-la-nacion-ar-prod.cdn.arcpublishing.com/resizer/oIFF1z7pvh4JU69TaNQRdx49rD4=/1920x1280/filters:quality(80)/cloudfront-us-east-1.images.arcpublishing.com/lanacionar/MJMO4XOARZCQDJHVCGAGFKP3IQ.jpg
42,EJAKL5DJTJFY3PXA634HQT2JGI,"En fotos. Entre brillos y transparencias, todos los looks de los personajes del año",https://www.lanacion.com.ar/espectaculos/personajes/en-fotos-entre-brillos-y-transparencias-todos-los-looks-de-los-personajes-del-ano-nid10122021/,https://lanacionar-la-nacion-ar-prod.cdn.arcpublishing.com/resizer/y1qjoB2hBfkj4s9q2h3XAqtr9OQ=/1920x1280/filters:quality(80)/cloudfront-us-east-1.images.arcpublishing.com/lanacionar/HL2RVFQY7ZDS3ESO6QPON4F6YQ.jpg
43,2XD4VAUX5VEUHJ6BEEBHNO2UXE,Dólar hoy. Qué hay detrás de la baja del blue y hasta cuándo puede durar la “primavera cambiaria”,https://www.lanacion.com.ar/economia/dolar/dolar-hoy-que-hay-detras-de-la-baja-del-blue-y-hasta-cuando-puede-durar-la-primavera-cambiaria-nid09122021/,https://lanacionar-la-nacion-ar-prod.cdn.arcpublishing.com/resizer/UlK0jkWxTON8SRm0cfEZg7JQbyM=/879x586/smart/filters:quality(80)/cloudfront-us-east-1.images.arcpublishing.com/lanacionar/MWC3SRPCQ5FHXC3SNDYZSWYHHY.jpg
44,HL52ZMQYL5EHTCBOHSNDTXIQWU,Miedo. El “payaso IT de Barracas” pasó por Bienvenidos a bordo y causó terror,https://www.lanacion.com.ar/espectaculos/el-payaso-it-de-barracas-paso-por-bienvenidos-a-bordo-y-causo-terror-en-el-estudio-nid10122021/,https://lanacionar-la-nacion-ar-prod.cdn.arcpublishing.com/resizer/9i_jRt5kJnQs7kSAs2KclSxSpcU=/879x586/smart/filters:quality(80)/cloudfront-us-east-1.images.arcpublishing.com/lanacionar/HIJMOCT6MRFWLKDXGJQARJQAPI.jpg
45,G5BJIDYS3BH4JABZPPF4ZR4LVQ,Espíritu renovado. Italia recupera el orgullo nacional: ¿de vagón de cola a locomotora de la UE?,https://www.lanacion.com.ar/el-mundo/italia-renueva-su-imagen-y-recupera-el-orgullo-nacional-de-vagon-de-cola-a-locomotora-de-la-ue-nid10122021/,https://lanacionar-la-nacion-ar-prod.cdn.arcpublishing.com/resizer/2XH3G6GPbky_rNVorj1IbFOVKTU=/879x586/smart/filters:quality(80)/cloudfront-us-east-1.images.arcpublishing.com/lanacionar/CVCHNXBM4FA4XH4UASENGA6JWA.jpg
46,J532AQAL7BBAZI3QIDXMKMRB6E,Bienvenidos a bordo. El inocente chiste de una participante que descolocó a Guido Kaczka,https://www.lanacion.com.ar/espectaculos/el-chiste-de-una-participante-de-bienvenidos-a-bordo-que-descoloco-a-guido-kaczka-nid10122021/,https://lanacionar-la-nacion-ar-prod.cdn.arcpublishing.com/resizer/a38qaG7kYNcgVM8FKxwFur-aGXU=/768x0/filters:quality(80)/cloudfront-us-east-1.images.arcpublishing.com/lanacionar/C7OP44E5RNGLJHFJTPRJB57SVM.jpg
47,I6EXYRQJJNFSDEICY5S2DBIHWY,"""Fuiste una gran maestra"". El conmovedor mensaje de Thalía por la muerte de Carmen Salinas",https://www.lanacion.com.ar/espectaculos/el-conmovedor-mensaje-de-thalia-por-la-muerte-de-carmen-salinas-su-eterna-companera-de-telenovelas-nid10122021/,https://lanacionar-la-nacion-ar-prod.cdn.arcpublishing.com/resizer/LQ_PLOAylsR7pMBq1T4QRsQ_x2Q=/768x0/filters:quality(80)/cloudfront-us-east-1.images.arcpublishing.com/lanacionar/3Q2YVSWQ7BGYREDHDPFNH2OYKY.jpg
48,6DINVCFAQNBPLIX4GIPP5E3FH4,En las redes. La reacción de Paula Chaves al ver a su hija Filipa en una situación particular,https://www.lanacion.com.ar/espectaculos/la-reaccion-de-paula-chaves-al-ver-a-su-hija-en-una-situacion-particular-el-fruto-no-cae-lejos-del-nid10122021/,https://lanacionar-la-nacion-ar-prod.cdn.arcpublishing.com/resizer/q_AD5aXdv7GQ92cI3pkoM3bBLe8=/768x0/filters:quality(80)/cloudfront-us-east-1.images.arcpublishing.com/lanacionar/MGL6MAEAFBFSDMEPKFDM3TDIKA.png
49,IBHU3TJW3FDO3OYGMNSTUT245U,Pesadilla. La conoció en el ascensor y dejó un espeluznante mensaje en cada departamento para encontrarla,https://www.lanacion.com.ar/el-mundo/la-conocio-en-el-ascensor-y-dejo-un-espeluznante-mensaje-en-cada-departamento-para-encontrarla-nid10122021/,https://lanacionar-la-nacion-ar-prod.cdn.arcpublishing.com/resizer/TTAZNKWZ2qr3-HzaeQtJvwJ_rnk=/768x0/filters:quality(80)/cloudfront-us-east-1.images.arcpublishing.com/lanacionar/RCFMBJEF2VDRJLMDNCW57DF6UQ.jpg
50,KZ5NHOQ5JNHNLHV5OYMAJ5DXZY,En las redes. Las fotos retro de Mónica Ayos que sorprendieron a sus seguidores,https://www.lanacion.com.ar/lifestyle/las-fotos-retro-de-monica-ayos-que-sorprendieron-a-sus-seguidores-con-la-rebeldia-de-la-edad-nid10122021/,https://lanacionar-la-nacion-ar-prod.cdn.arcpublishing.com/resizer/kQFXXAdh6_xO8ETTDlG7gHBjdE4=/768x0/filters:quality(80)/cloudfront-us-east-1.images.arcpublishing.com/lanacionar/FIFH7H5WJZEATN2NTYM64DCQVI.jpg
51,VHZ4W27T4ZHOJOQVCYB773EPCY,Cambio de hábitos. La sorprendente transformación de John Goodman tras bajar 90 kilos,https://www.lanacion.com.ar/espectaculos/la-sorprendente-transformacion-de-john-goodman-tras-bajar-90-kilos-nid10122021/,https://lanacionar-la-nacion-ar-prod.cdn.arcpublishing.com/resizer/QRE2jiOdlFSfL0xu_MVf94TvlyA=/768x0/filters:quality(80)/cloudfront-us-east-1.images.arcpublishing.com/lanacionar/7BFPQXYSUZCTXMQL5WHYXBHF6Y.jpg
52,FZSURHZXMRA55NGKUQSM7PON2Y,"“Somos dos locos”. Jamás se habían visto, pero se enamoraron y enfrentaron años de distancia y la pandemia hasta estar juntos",https://www.lanacion.com.ar/lifestyle/somos-dos-locos-jamas-se-habian-visto-pero-se-enamoraron-y-enfrentaron-anos-de-distancia-y-pandemia-nid10122021/,https://lanacionar-la-nacion-ar-prod.cdn.arcpublishing.com/resizer/rZQJ4K3kUtehU6nM3XmU6fh31oc=/1920x1280/filters:quality(80):focal(542x187:552x177)/cloudfront-us-east-1.images.arcpublishing.com/lanacionar/ECFSU423MNCFHIZUSHM5E2KZAE.jpg
53,M3YKGDKMZZDAPF33QSFHV2AIKI,"“Copetín al paso”. El bar que creció al ritmo del barrio, con empleados de una automotriz, y este año lo nombraron Notable",https://www.lanacion.com.ar/lifestyle/copetin-al-paso-el-bar-que-crecio-al-ritmo-del-barrio-con-empleados-de-una-automotriz-y-este-ano-lo-nid10122021/,https://lanacionar-la-nacion-ar-prod.cdn.arcpublishing.com/resizer/TZQFC1x0FVMDS8ieZTNykaNj43M=/1920x1280/filters:quality(80)/cloudfront-us-east-1.images.arcpublishing.com/lanacionar/4R4PGEMGN5FUBGDRSTIANJZRQY.JPG
54,HMIZEGF4OVEHRKF3T7XVT2HZIY,Cáncer infantil. “Festejamos navidad un 6 de julio para que él la disfrutara porque no sabíamos si iba a llegar”,https://www.lanacion.com.ar/lifestyle/cancer-infantil-festejamos-navidad-un-6-de-julio-para-que-el-la-disfrutara-porque-no-sabiamos-si-iba-nid10122021/,https://lanacionar-la-nacion-ar-prod.cdn.arcpublishing.com/resizer/xfVm2hGsqZFSm628qxBrSugUjJw=/1920x1280/filters:quality(80)/cloudfront-us-east-1.images.arcpublishing.com/lanacionar/QJUQNWHNVFDKLKCIP5WXUJ7ODU.JPG
55,YW4WGSRNGRDONHKROSWB25X7EQ,Cómo es bucear en el Mar Austral,https://www.lanacion.com.ar/lifestyle/como-es-bucear-en-el-mar-austral-nid10122021/,https://lanacionar-la-nacion-ar-prod.cdn.arcpublishing.com/resizer/xAh7f76Bi5z2NiB-BW98gYF91Ig=/768x0/filters:quality(80)/cloudfront-us-east-1.images.arcpublishing.com/lanacionar/D7KVVSPFW5BA5EX772ZOK3KWG4.jpg
56,7BBNCBJZ3NHAXAQBIWGCL72SKM,Coco Oderigo y los Espartanos. El rugby como solución para que los presos que salen en libertad no reincidan,https://www.lanacion.com.ar/espectaculos/coco-oderigo-y-los-espartanos-el-rugby-como-solucion-para-que-los-presos-que-salen-en-libertad-no-nid10122021/,https://lanacionar-la-nacion-ar-prod.cdn.arcpublishing.com/resizer/DpMnu0R8mZ1ke8zIvc9zWcFXsmk=/768x0/filters:quality(80)/cloudfront-us-east-1.images.arcpublishing.com/lanacionar/KJUZHPK5ZREFROZJNDELJGMZRA.jpg
57,56OF75UTLZCABIOCFKRTUDESNA,"+Realidad. Jony Viale, sobre el acto en Plaza de Mayo: “El Gobierno sigue de joda sin comprender el país que duele”",https://www.lanacion.com.ar/lnmas/jony-viale-sobre-el-acto-en-plaza-de-mayo-el-gobierno-sigue-de-joda-sin-comprender-el-pais-que-duele-nid10122021/,https://lanacionar-la-nacion-ar-prod.cdn.arcpublishing.com/resizer/skmYJ5joTJTFhQzG7I639uz0kCk=/768x0/filters:quality(80)/cloudfront-us-east-1.images.arcpublishing.com/lanacionar/42AJ3KHNVZFABHXCXU7KBZDUXY.JPG
58,ML7EJ7WGPFAF3MQ42A4WGFRQNU,Tensión interna. Desde el Frente de Todos piden la renuncia de Berni por excesos en la policía bonaerense,https://www.lanacion.com.ar/politica/desde-el-frente-de-todos-piden-la-interpelacion-y-renuncia-de-sergio-berni-por-excesos-en-la-policia-nid10122021/,https://lanacionar-la-nacion-ar-prod.cdn.arcpublishing.com/resizer/1ekrFK3kfEr2gsA_CeFNacMetY0=/768x0/filters:quality(80)/cloudfront-us-east-1.images.arcpublishing.com/lanacionar/P4APKDH7AVD4VFL6J7YI37IBPQ.JPG
59,QF5MP36R7BB2DNQO7WD4AFP6YM,"""Déjense de joder"". El pedido de Patricia Bullrich a sus socios de la UCR para que dejen de lado de las internas",https://www.lanacion.com.ar/politica/el-pedido-de-patricia-bullrich-a-la-ucr-radicales-juntense-dejense-de-joder-nid10122021/,https://lanacionar-la-nacion-ar-prod.cdn.arcpublishing.com/resizer/zcgQnBbCSKrkESLKRVKSUjNpRJA=/768x0/filters:quality(80)/cloudfront-us-east-1.images.arcpublishing.com/lanacionar/6ZWZLYF43ZAS3CWRIVEKQS2VKM.JPG
60,RQZBWBNBRBAXRIAUDKYODXNX2U,Oportunidad en Las Victorias. Cuál es el sistema que está haciendo crecer tanto a Canning,https://www.lanacion.com.ar/propiedades/oportunidad-en-las-victorias-cual-es-el-sistema-que-esta-haciendo-crecer-tanto-a-canning-nid10122021/,https://lanacionar-la-nacion-ar-prod.cdn.arcpublishing.com/resizer/p6FqYkFaP02w0Si5xwXlmSYhtMs=/768x0/filters:quality(80)/cloudfront-us-east-1.images.arcpublishing.com/lanacionar/HEDQN4YYSJGZ5CDDN2Q2U545GE.jpg
61,S5T7RRUQDRESTNWGSKDTEBJWZY,Nuevas oportunidades para jóvenes profesionales,https://www.lanacion.com.ar/economia/negocios/nuevas-oportunidades-para-jovenes-profesionales-nid09122021/,https://lanacionar-la-nacion-ar-prod.cdn.arcpublishing.com/resizer/GCAYFj2uiCCQr3VNAY7RmE74NUY=/768x0/filters:quality(80)/cloudfront-us-east-1.images.arcpublishing.com/lanacionar/KBXTJTBCFJEODHU5OBSY4ENELM.jpg
62,MYMZHYGH4ZE6VPATHBTQVHOQBY,"Nuevas proyecciones. A cuánto llegarán el dólar y la inflación en 2022, según los economistas",https://www.lanacion.com.ar/economia/nuevas-proyecciones-a-cuanto-llegaran-el-dolar-y-la-inflacion-en-2022-segun-los-economistas-nid09122021/,https://lanacionar-la-nacion-ar-prod.cdn.arcpublishing.com/resizer/eZHiM3RQWIFw8wBHliHTE7amcjw=/768x0/filters:quality(80)/cloudfront-us-east-1.images.arcpublishing.com/lanacionar/DY3WHU2H35FG7J5MG544YYR4CQ.JPG
63,K57U2ONBCFDKNFNFK3TJQUC2RY,Silvio Micali. Un profesor del MIT dice que el bitcoin es una “receta para el desastre” y que las criptomonedas pueden ayudar a controlar la inflación,https://www.lanacion.com.ar/economia/un-profesor-del-mit-dice-que-el-bitcoin-es-una-receta-para-el-desastre-pero-asegura-que-las-nid10122021/,https://lanacionar-la-nacion-ar-prod.cdn.arcpublishing.com/resizer/bKO0Y4Xc2rM_0UtJBzoRGX4u6wQ=/768x0/filters:quality(80)/cloudfront-us-east-1.images.arcpublishing.com/lanacionar/6URONFWV3RF2FDFPGLWTZIQRCI.jpg
64,WBVC3TFGDFD2PKY5CYOEJWMYGY,  Reconocer a las mujeres en el ámbito empresarial,https://www.lanacion.com.ar/lifestyle/reconocer-a-las-mujeres-en-el-ambito-empresarial-nid09122021/,https://lanacionar-la-nacion-ar-prod.cdn.arcpublishing.com/resizer/SxwnVXpXJnV42sAPGYKvntVGpbs=/879x586/filters:quality(80)/cloudfront-us-east-1.images.arcpublishing.com/lanacionar/7WKRHEY3HRGRXOPHISRTCVVYDA.JPG
65,URGI4MMZ5BHKFIV4RJFN7PX6RU,Desde Mar del Plata hasta Pinamar y Gesell. Cuánto cuesta alquilar una casa en un barrio cerrado de la costa,https://www.lanacion.com.ar/propiedades/casas-y-departamentos/desde-mar-del-plata-hasta-gesell-cuanto-cuesta-alquilar-una-casa-en-un-barrio-cerrado-de-la-costa-nid06122021/,https://lanacionar-la-nacion-ar-prod.cdn.arcpublishing.com/resizer/_-erJH5h3ThVS9aJ35ZbPX5mJb4=/768x0/filters:quality(80)/cloudfront-us-east-1.images.arcpublishing.com/lanacionar/G2DBAWVQK5A2LLCH23RJJSVMBQ.jpg
66,2I2T7WBR6FCKZDZZRC6IKYMFR4,"En fotos, uno por uno. Los 10 espacios elegidos de Casa FOA",https://www.lanacion.com.ar/propiedades/en-fotos-los-diez-espacios-elegidos-de-casa-foa-nid06122021/,https://lanacionar-la-nacion-ar-prod.cdn.arcpublishing.com/resizer/HhFwN5reD31zPNOeBONOTyCf0NM=/768x0/filters:quality(80)/cloudfront-us-east-1.images.arcpublishing.com/lanacionar/ZZK4BJAJYRBQPM7HOQRQIEF4R4.JPG
67,2FGXDAREFJDS5DGWWZGMK372WU,Once veces más. Se desplomó con la pandemia y ahora vive un veranito,https://www.lanacion.com.ar/economia/campo/regionales/la-actividad-que-se-desplomo-con-la-pandemia-y-ahora-vive-un-veranito-nid10122021/,https://lanacionar-la-nacion-ar-prod.cdn.arcpublishing.com/resizer/l_2JjhQKoUPce7Wm3Bzh9kpojYY=/768x0/filters:quality(80)/cloudfront-us-east-1.images.arcpublishing.com/lanacionar/H5I3UHKOMZFNZLDZ62TZANB3W4.jpg
68,ELWEB2ME6ZBYDDHVM56NGHTOGM,Tras el anuncio. En el campo quieren ver “la letra chica” de la flexibilización del cepo,https://www.lanacion.com.ar/economia/campo/ganaderia/en-el-campo-quieren-ver-la-letra-chica-de-la-flexibilizacion-del-cepo-nid10122021/,https://lanacionar-la-nacion-ar-prod.cdn.arcpublishing.com/resizer/MCtN3sI0fH6ziEUR9fMqrUD9sHs=/768x0/filters:quality(80)/cloudfront-us-east-1.images.arcpublishing.com/lanacionar/CTQE43U6CZHQRJWQA3QRRXZW2Q.png
69,KTBCUDDNW5DJLILSAOFY66MH6Y,"Drama en San Juan. Le falta un preciado recurso y sufrirá una ""catástrofe""",https://www.lanacion.com.ar/economia/campo/catastrofe-la-desesperacion-de-un-productor-de-san-juan-tras-una-medida-por-el-agua-nid08122021/,https://lanacionar-la-nacion-ar-prod.cdn.arcpublishing.com/resizer/jCAxbI-QqMtNU78mEI2pPfvHFUM=/768x0/filters:quality(80)/cloudfront-us-east-1.images.arcpublishing.com/lanacionar/AKJW3ICXAVG6FOMVKLG63SOVYM.jpeg
70,ZAFKXLJL2BCJBPTPY6PKCD2ME4,La Academia. El motivo detrás de la ausencia de Adrián Suar en la final y el “palito” de Marcelo Tinelli,https://www.lanacion.com.ar/espectaculos/personajes/la-academia-2021-el-motivo-detras-de-la-ausencia-de-adrian-suar-en-la-final-y-el-palito-de-marcelo-nid10122021/,https://lanacionar-la-nacion-ar-prod.cdn.arcpublishing.com/resizer/zsNy5Uwbmlg97vO5ZpKa--r_cWk=/768x0/filters:quality(80)/cloudfront-us-east-1.images.arcpublishing.com/lanacionar/IX62E3RCMNGVTA7C5QGLWHSPKM.jpg
71,CSGW4OUTRVFA5PP7W6JFQO6Q3Y,"Sincera. Drew Barrymore contó que necesitó ayuda, tras su “doloroso” divorcio de Will Kopelman",https://www.lanacion.com.ar/espectaculos/personajes/drew-barrymore-conto-que-necesito-ayuda-tras-su-doloroso-divorcio-de-will-kopelman-nid10122021/,https://lanacionar-la-nacion-ar-prod.cdn.arcpublishing.com/resizer/Qj2GycIYiqX1HahfdZ6ZQrykyPc=/768x0/filters:quality(80)/cloudfront-us-east-1.images.arcpublishing.com/lanacionar/4NPR3PQLU5CZZCIRYESDPOCH2I.jpg
72,LJMEDF7FJZFITOSBM2OWTM2KNY,"Enamorada. Dolores Barreiro y Santiago Gómez Romero, el amor después del amor",https://www.lanacion.com.ar/espectaculos/personajes/dolores-barreiro-y-santiago-gomez-romero-el-amor-despues-del-amor-nid10122021/,https://lanacionar-la-nacion-ar-prod.cdn.arcpublishing.com/resizer/n-Jfqqp7X3R6wYOtAFPjlWHYy-A=/768x0/filters:quality(80)/cloudfront-us-east-1.images.arcpublishing.com/lanacionar/S2NYAYYSBBGARHEFAV5GQYVAHM.jpg
73,YF6RJLEDWRF4ZFGODNRMKRRPJ4,Entrevista La final SIC-CUBA puertas adentro: cómo influyen las presiones y la ansiedad antes de la batalla,https://www.lanacion.com.ar/deportes/rugby/la-final-de-la-urba-como-viven-el-sic-y-cuba-la-pelea-por-el-titulo-ansiedad-presion-y-convicciones-nid10122021/,https://lanacionar-la-nacion-ar-prod.cdn.arcpublishing.com/resizer/BbZGLuU_Ctk9MfMuura8yNL2sbs=/768x0/filters:quality(80)/cloudfront-us-east-1.images.arcpublishing.com/lanacionar/WQH7BHYEGVDXFL3MERJIZIC3YE.JPG
74,O2H6A4GMANCATJSKRKFLYLLD2U,Mundial de España. El golazo a Brasil que puso en partido a La Garra pero no alcanzó para ganar y clasificarse,https://www.lanacion.com.ar/deportes/handball/handball-el-golazo-que-puso-en-partido-a-la-garra-contra-brasil-pero-que-no-alcanzo-en-el-mundial-de-nid10122021/,https://lanacionar-la-nacion-ar-prod.cdn.arcpublishing.com/resizer/5B1KXSbYjXiXMZikjChrqtTPPvQ=/768x0/filters:quality(80)/cloudfront-us-east-1.images.arcpublishing.com/lanacionar/XEB7MSWI4ZFNBKNDWWWRY5G2ZY.JPG
75,U5S3Q2EXN5HFFLGFDB4J4KOVWI,Campeón. Carlsen barrió a Nepo y apunta a la historia: Kasparov y una cifra a la que llegan sólo las máquinas,https://www.lanacion.com.ar/deportes/ajedrez/magnus-carlsen-barrio-a-ian-nepomniachtchi-sigue-siendo-campeon-mundial-de-ajedrez-y-apunta-a-la-nid10122021/,https://lanacionar-la-nacion-ar-prod.cdn.arcpublishing.com/resizer/jmTXon4O-z5-VFuUiO0ZMFTDbqg=/768x0/filters:quality(80)/cloudfront-us-east-1.images.arcpublishing.com/lanacionar/V5EJDI2JBZA2LJ3KOKGPWG5D6E.jpg
76,3CT32DU4OVE27IGLIFIOXZ4OFM,¿Por qué la falla de Amazon afectó a tanta gente?,https://www.lanacion.com.ar/tecnologia/por-que-la-falla-de-amazon-afecto-a-tanta-gente-nid11122021/,https://lanacionar-la-nacion-ar-prod.cdn.arcpublishing.com/resizer/ujpx7LcVbBVZzzigRWqTdhbPHhI=/768x0/filters:quality(80)/cloudfront-us-east-1.images.arcpublishing.com/lanacionar/VYGH43XV7BB5JBZKYLHOGU3T3Q
77,W424GHPMA5G4DLPRRTH24BRJXI,Salidas gastronómicas: 4 lugares para encuentros de fin de año,https://www.lanacion.com.ar/lifestyle/salidas-gastronomicas-4-lugares-para-encuentros-de-fin-de-ano-nid11122021/,https://lanacionar-la-nacion-ar-prod.cdn.arcpublishing.com/resizer/a17S5imiPajR9J-3tQo1yCiyTiQ=/768x0/filters:quality(80)/cloudfront-us-east-1.images.arcpublishing.com/lanacionar/NQYZUVKZCFE2HDFZQESKHFAM7A.jpg
78,O2OCAZACIJGUJBPAQQKK6AY6NA,Discos esenciales. The Stooges: la historia detrás del debut de la banda de Iggy Pop,https://www.lanacion.com.ar/espectaculos/the-stooges-la-historia-detras-del-debut-de-la-banda-de-iggy-pop-nid10122021/,https://lanacionar-la-nacion-ar-prod.cdn.arcpublishing.com/resizer/N3AkxWFpdAVjxlC8HlK2KvDANs4=/768x0/filters:quality(80)/cloudfront-us-east-1.images.arcpublishing.com/lanacionar/N42YCTRSBJHF3BGOXFJCORIHVA.jpg
79,WLB46SPOFJCEVMJVKEIRXDLXVY,Por una buena causa. Un hombre recorre Gran Bretaña a bordo del auto más pequeño del mundo,https://www.lanacion.com.ar/lifestyle/la-historia-del-hombre-que-recorre-gran-bretana-a-bordo-del-auto-mas-pequeno-del-mundo-por-una-buena-nid10122021/,https://lanacionar-la-nacion-ar-prod.cdn.arcpublishing.com/resizer/J8gQK7UW2qFXpVPTO_Wj2qJ8tfY=/768x0/filters:quality(80)/cloudfront-us-east-1.images.arcpublishing.com/lanacionar/7FQNXKI7OFF7XNGO44XBJWEE3A.jpg
80,M2SBN7EAEJHRPJNRWRVBOBJGLI,Entrevista. Fanny Mandelbaum habló de las acusaciones de maltrato contra Laje: “Se le vino la fila de dominó”,https://www.lanacion.com.ar/espectaculos/fanny-mandelbaum-hablo-de-las-acusaciones-de-maltrato-contra-antonio-laje-se-le-vino-la-fila-de-nid10122021/,https://lanacionar-la-nacion-ar-prod.cdn.arcpublishing.com/resizer/H62bsXLs96J9MLPiZVf2Flft2js=/768x0/filters:quality(80)/cloudfront-us-east-1.images.arcpublishing.com/lanacionar/BOB37ZP3PZGE5DRFENR6A3AWAU.png
81,XX66I6YYFJEPXEOFDYEVT7VQVE,Arabia Saudita. Descalifican a 43 camellos de un concurso de belleza por el uso de bótox,https://www.lanacion.com.ar/lifestyle/arabia-saudita-descalifican-a-43-camellos-de-un-concurso-de-belleza-por-el-uso-de-botox-nid10122021/,https://lanacionar-la-nacion-ar-prod.cdn.arcpublishing.com/resizer/suGjypy0pvVJRZd72LOid9JMSE0=/768x0/filters:quality(80)/cloudfront-us-east-1.images.arcpublishing.com/lanacionar/ZP5ZCUAUL5DBZNC25YDKRB5K3E.PNG
82,PNKMJE2NVBCFXLCX5JX2E7UOJI,Años dorados. La inesperada foto retro que publicó Sorín junto a Gallardo,https://www.lanacion.com.ar/deportes/la-inesperada-foto-retro-que-publico-juampi-sorin-junto-a-marcelo-gallardo-nid10122021/,https://lanacionar-la-nacion-ar-prod.cdn.arcpublishing.com/resizer/j6Jv3XDew4iqtu2e2d4h0athFJ4=/768x0/filters:quality(80)/cloudfront-us-east-1.images.arcpublishing.com/lanacionar/SX2MZNENXFFH3JEPF7VHJNSFFE.JPG
83,K4INDC3HLJFHZPZNMZIGSMX3GM,España. El emotivo rescate de un perro en aguas heladas que se volvió viral,https://www.lanacion.com.ar/lifestyle/el-emotivo-rescate-de-un-perro-en-aguas-heladas-que-se-volvio-viral-nid10122021/,https://lanacionar-la-nacion-ar-prod.cdn.arcpublishing.com/resizer/D1ZPSAbud8Ppx93BbuEwknrSBnI=/768x0/filters:quality(80)/cloudfront-us-east-1.images.arcpublishing.com/lanacionar/EXHYAZWIJFGVDFBC4J5WH6QVFA.jpg
84,I443CUC4PRFBDDMISDPX3KCIUY,Cruces en las redes. El explosivo tuit de Elon Musk para limitar la edad para postularse a un cargo público,https://www.lanacion.com.ar/lifestyle/el-explosivo-tuit-de-elon-musk-que-propone-poner-un-limite-de-edad-para-postularse-a-un-cargo-nid10122021/,https://lanacionar-la-nacion-ar-prod.cdn.arcpublishing.com/resizer/78_ankM331yb0G_WIJUzyh9W6b8=/768x0/filters:quality(80)/cloudfront-us-east-1.images.arcpublishing.com/lanacionar/LDXFXXXXNBDLJOWZHRZFCVGFAY.jpg
85,S5VZ4YIWVRCDLB3RSNFRFMOMC4,Lista al instante. Mousse de salmón ahumado,https://www.lanacion.com.ar/recetas/entradas/mousse-de-salmon-ahumado-nid07122021/,https://lanacionar-la-nacion-ar-prod.cdn.arcpublishing.com/resizer/s4p_vMonpAndE-fXVTAx9fazdQY=/768x0/filters:quality(80)/cloudfront-us-east-1.images.arcpublishing.com/lanacionar/BUFY62JOGVCEDDOFLBLZXP2Z7E.jpg
